"Login,""Name"",""Location"""																			
"user123,"" Ann"","" 37.2374 115.8090"""																			
"ksenia,"" Ksenia"","" 55.7887 49.1221"""																			
"qqqq,"" Michael"","" 33.2374 115.8090"""																			
					user123	1	"""Amani"""	"""33.2374 115.80"""	10		"user1231, ""Amani"", ""33.2374 115.80""10"				""""	""""	"""""Amani"""""		"""""33.2374 115.80"""""
					user124	2	"""Suzaan"""	"""33.2374 115.81"""	11		"user1242, ""Suzaan"", ""33.2374 115.81""11"				""""	""""	"""""Suzaan"""""		"""""33.2374 115.81"""""
					user125	3	"""Ariana"""	"""33.2374 115.82"""	12		"user1253, ""Ariana"", ""33.2374 115.82""12"				""""	""""	"""""Ariana"""""		"""""33.2374 115.82"""""
					user126	4	"""Jaleel"""	"""33.2374 115.83"""	13		"user1264, ""Jaleel"", ""33.2374 115.83""13"				""""	""""	"""""Jaleel"""""		"""""33.2374 115.83"""""
					user127	5	"""Abir"""	"""33.2374 115.84"""	14		"user1275, ""Abir"", ""33.2374 115.84""14"				""""	""""	"""""Abir"""""		"""""33.2374 115.84"""""
					user128	6	"""Lotus"""	"""33.2374 115.85"""	15		"user1286, ""Lotus"", ""33.2374 115.85""15"				""""	""""	"""""Lotus"""""		"""""33.2374 115.85"""""
					user129	7	"""Merric"""	"""33.2374 115.86"""	16		"user1297, ""Merric"", ""33.2374 115.86""16"				""""	""""	"""""Merric"""""		"""""33.2374 115.86"""""
					user130	8	"""Makaylah"""	"""33.2374 115.87"""	17		"user1308, ""Makaylah"", ""33.2374 115.87""17"				""""	""""	"""""Makaylah"""""		"""""33.2374 115.87"""""
					user131	9	"""Cailyn"""	"""33.2374 115.88"""	18		"user1319, ""Cailyn"", ""33.2374 115.88""18"				""""	""""	"""""Cailyn"""""		"""""33.2374 115.88"""""
					user132	10	"""Annika"""	"""33.2374 115.89"""	19		"user13210, ""Annika"", ""33.2374 115.89""19"				""""	""""	"""""Annika"""""		"""""33.2374 115.89"""""
					user133	11	"""Cayleigh"""	"""33.2374 115.90"""	20		"user13311, ""Cayleigh"", ""33.2374 115.90""20"				""""	""""	"""""Cayleigh"""""		"""""33.2374 115.90"""""
					user134	12	"""Braiden"""	"""33.2374 115.91"""	21		"user13412, ""Braiden"", ""33.2374 115.91""21"				""""	""""	"""""Braiden"""""		"""""33.2374 115.91"""""
					user135	13	"""Madisen"""	"""33.2374 115.92"""	22		"user13513, ""Madisen"", ""33.2374 115.92""22"				""""	""""	"""""Madisen"""""		"""""33.2374 115.92"""""
					user136	14	"""Andre"""	"""33.2374 115.93"""	23		"user13614, ""Andre"", ""33.2374 115.93""23"				""""	""""	"""""Andre"""""		"""""33.2374 115.93"""""
					user137	15	"""Sammy Jo"""	"""33.2374 115.94"""	24		"user13715, ""Sammy Jo"", ""33.2374 115.94""24"				""""	""""	"""""Sammy Jo"""""		"""""33.2374 115.94"""""
					user138	16	"""Anjali"""	"""33.2374 115.95"""	25		"user13816, ""Anjali"", ""33.2374 115.95""25"				""""	""""	"""""Anjali"""""		"""""33.2374 115.95"""""
					user139	17	"""Milan"""	"""33.2374 115.96"""	26		"user13917, ""Milan"", ""33.2374 115.96""26"				""""	""""	"""""Milan"""""		"""""33.2374 115.96"""""
					user140	18	"""Tagan"""	"""33.2374 115.97"""	27		"user14018, ""Tagan"", ""33.2374 115.97""27"				""""	""""	"""""Tagan"""""		"""""33.2374 115.97"""""
					user141	19	"""Kazem"""	"""33.2374 115.98"""	28		"user14119, ""Kazem"", ""33.2374 115.98""28"				""""	""""	"""""Kazem"""""		"""""33.2374 115.98"""""
					user142	20	"""Constantine Dwyne"""	"""33.2374 115.99"""	29		"user14220, ""Constantine Dwyne"", ""33.2374 115.99""29"				""""	""""	"""""Constantine Dwyne"""""		"""""33.2374 115.99"""""
					user143	21	"""Leandra"""	"""33.2374 115.100"""	30		"user14321, ""Leandra"", ""33.2374 115.100""30"				""""	""""	"""""Leandra"""""		"""""33.2374 115.100"""""
					user144	22	"""Bjorn"""	"""33.2374 115.101"""	31		"user14422, ""Bjorn"", ""33.2374 115.101""31"				""""	""""	"""""Bjorn"""""		"""""33.2374 115.101"""""
					user145	23	"""Margaret"""	"""33.2374 115.102"""	32		"user14523, ""Margaret"", ""33.2374 115.102""32"				""""	""""	"""""Margaret"""""		"""""33.2374 115.102"""""
					user146	24	"""Lamandre"""	"""33.2374 115.103"""	33		"user14624, ""Lamandre"", ""33.2374 115.103""33"				""""	""""	"""""Lamandre"""""		"""""33.2374 115.103"""""
					user147	25	"""Oksana"""	"""33.2374 115.104"""	34		"user14725, ""Oksana"", ""33.2374 115.104""34"				""""	""""	"""""Oksana"""""		"""""33.2374 115.104"""""
					user148	26	"""Jiya"""	"""33.2374 115.105"""	35		"user14826, ""Jiya"", ""33.2374 115.105""35"				""""	""""	"""""Jiya"""""		"""""33.2374 115.105"""""
					user149	27	"""Olamide"""	"""33.2374 115.106"""	36		"user14927, ""Olamide"", ""33.2374 115.106""36"				""""	""""	"""""Olamide"""""		"""""33.2374 115.106"""""
					user150	28	"""Tarni"""	"""33.2374 115.107"""	37		"user15028, ""Tarni"", ""33.2374 115.107""37"				""""	""""	"""""Tarni"""""		"""""33.2374 115.107"""""
					user151	29	"""Khya"""	"""33.2374 115.108"""	38		"user15129, ""Khya"", ""33.2374 115.108""38"				""""	""""	"""""Khya"""""		"""""33.2374 115.108"""""
					user152	30	"""Ayabusa"""	"""33.2374 115.109"""	39		"user15230, ""Ayabusa"", ""33.2374 115.109""39"				""""	""""	"""""Ayabusa"""""		"""""33.2374 115.109"""""
					user153	31	"""Jainaba"""	"""33.2374 115.110"""	40		"user15331, ""Jainaba"", ""33.2374 115.110""40"				""""	""""	"""""Jainaba"""""		"""""33.2374 115.110"""""
					user154	32	"""Yaminah"""	"""33.2374 115.111"""	41		"user15432, ""Yaminah"", ""33.2374 115.111""41"				""""	""""	"""""Yaminah"""""		"""""33.2374 115.111"""""
					user155	33	"""Shantae"""	"""33.2374 115.112"""	42		"user15533, ""Shantae"", ""33.2374 115.112""42"				""""	""""	"""""Shantae"""""		"""""33.2374 115.112"""""
					user156	34	"""Abayomi"""	"""33.2374 115.113"""	43		"user15634, ""Abayomi"", ""33.2374 115.113""43"				""""	""""	"""""Abayomi"""""		"""""33.2374 115.113"""""
					user157	35	"""Abdimelech"""	"""33.2374 115.114"""	44		"user15735, ""Abdimelech"", ""33.2374 115.114""44"				""""	""""	"""""Abdimelech"""""		"""""33.2374 115.114"""""
					user158	36	"""Afua"""	"""33.2374 115.115"""	45		"user15836, ""Afua"", ""33.2374 115.115""45"				""""	""""	"""""Afua"""""		"""""33.2374 115.115"""""
					user159	37	"""Akpenamawu"""	"""33.2374 115.116"""	46		"user15937, ""Akpenamawu"", ""33.2374 115.116""46"				""""	""""	"""""Akpenamawu"""""		"""""33.2374 115.116"""""
					user160	38	"""Atsukpi"""	"""33.2374 115.117"""	47		"user16038, ""Atsukpi"", ""33.2374 115.117""47"				""""	""""	"""""Atsukpi"""""		"""""33.2374 115.117"""""
					user161	39	"""Daudi, Daudy"""	"""33.2374 115.118"""	48		"user16139, ""Daudi, Daudy"", ""33.2374 115.118""48"				""""	""""	"""""Daudi, Daudy"""""		"""""33.2374 115.118"""""
					user162	40	"""Dela O Kande"""	"""33.2374 115.119"""	49		"user16240, ""Dela O Kande"", ""33.2374 115.119""49"				""""	""""	"""""Dela O Kande"""""		"""""33.2374 115.119"""""
					user163	41	"""Esi"""	"""33.2374 115.120"""	50		"user16341, ""Esi"", ""33.2374 115.120""50"				""""	""""	"""""Esi"""""		"""""33.2374 115.120"""""
					user164	42	"""Esiankiki"""	"""33.2374 115.121"""	51		"user16442, ""Esiankiki"", ""33.2374 115.121""51"				""""	""""	"""""Esiankiki"""""		"""""33.2374 115.121"""""
					user165	43	"""Iyangura"""	"""33.2374 115.122"""	52		"user16543, ""Iyangura"", ""33.2374 115.122""52"				""""	""""	"""""Iyangura"""""		"""""33.2374 115.122"""""
					user166	44	"""Jabulela"""	"""33.2374 115.123"""	53		"user16644, ""Jabulela"", ""33.2374 115.123""53"				""""	""""	"""""Jabulela"""""		"""""33.2374 115.123"""""
					user167	45	"""Koofrey"""	"""33.2374 115.124"""	54		"user16745, ""Koofrey"", ""33.2374 115.124""54"				""""	""""	"""""Koofrey"""""		"""""33.2374 115.124"""""
					user168	46	"""Kwesi, Sisi"""	"""33.2374 115.125"""	55		"user16846, ""Kwesi, Sisi"", ""33.2374 115.125""55"				""""	""""	"""""Kwesi, Sisi"""""		"""""33.2374 115.125"""""
					user169	47	"""Manute"""	"""33.2374 115.126"""	56		"user16947, ""Manute"", ""33.2374 115.126""56"				""""	""""	"""""Manute"""""		"""""33.2374 115.126"""""
					user170	48	"""Monyyak"""	"""33.2374 115.127"""	57		"user17048, ""Monyyak"", ""33.2374 115.127""57"				""""	""""	"""""Monyyak"""""		"""""33.2374 115.127"""""
					user171	49	"""Naliaka"""	"""33.2374 115.128"""	58		"user17149, ""Naliaka"", ""33.2374 115.128""58"				""""	""""	"""""Naliaka"""""		"""""33.2374 115.128"""""
					user172	50	"""Rhaxma"""	"""33.2374 115.129"""	59		"user17250, ""Rhaxma"", ""33.2374 115.129""59"				""""	""""	"""""Rhaxma"""""		"""""33.2374 115.129"""""
					user173	51	"""Sarsa Dengel"""	"""33.2374 115.130"""	60		"user17351, ""Sarsa Dengel"", ""33.2374 115.130""60"				""""	""""	"""""Sarsa Dengel"""""		"""""33.2374 115.130"""""
					user174	52	"""Wang'ombe"""	"""33.2374 115.131"""	61		"user17452, ""Wang'ombe"", ""33.2374 115.131""61"				""""	""""	"""""Wang'ombe"""""		"""""33.2374 115.131"""""
					user175	53	"""Zebenjo"""	"""33.2374 115.132"""	62		"user17553, ""Zebenjo"", ""33.2374 115.132""62"				""""	""""	"""""Zebenjo"""""		"""""33.2374 115.132"""""
					user176	54	"""Azinza"""	"""33.2374 115.133"""	63		"user17654, ""Azinza"", ""33.2374 115.133""63"				""""	""""	"""""Azinza"""""		"""""33.2374 115.133"""""
					user177	55	"""Effiwat"""	"""33.2374 115.134"""	64		"user17755, ""Effiwat"", ""33.2374 115.134""64"				""""	""""	"""""Effiwat"""""		"""""33.2374 115.134"""""
					user178	56	"""Loiyan"""	"""33.2374 115.135"""	65		"user17856, ""Loiyan"", ""33.2374 115.135""65"				""""	""""	"""""Loiyan"""""		"""""33.2374 115.135"""""
					user179	57	"""Mawunyaga"""	"""33.2374 115.136"""	66		"user17957, ""Mawunyaga"", ""33.2374 115.136""66"				""""	""""	"""""Mawunyaga"""""		"""""33.2374 115.136"""""
					user180	58	"""Yekuno Amlak"""	"""33.2374 115.137"""	67		"user18058, ""Yekuno Amlak"", ""33.2374 115.137""67"				""""	""""	"""""Yekuno Amlak"""""		"""""33.2374 115.137"""""
					user181	59	"""Agbenyaga"""	"""33.2374 115.138"""	68		"user18159, ""Agbenyaga"", ""33.2374 115.138""68"				""""	""""	"""""Agbenyaga"""""		"""""33.2374 115.138"""""
					user182	60	"""Amanishakhete"""	"""33.2374 115.139"""	69		"user18260, ""Amanishakhete"", ""33.2374 115.139""69"				""""	""""	"""""Amanishakhete"""""		"""""33.2374 115.139"""""
					user183	61	"""Fembar"""	"""33.2374 115.140"""	70		"user18361, ""Fembar"", ""33.2374 115.140""70"				""""	""""	"""""Fembar"""""		"""""33.2374 115.140"""""
					user184	62	"""Fodjour"""	"""33.2374 115.141"""	71		"user18462, ""Fodjour"", ""33.2374 115.141""71"				""""	""""	"""""Fodjour"""""		"""""33.2374 115.141"""""
					user185	63	"""Palassa"""	"""33.2374 115.142"""	72		"user18563, ""Palassa"", ""33.2374 115.142""72"				""""	""""	"""""Palassa"""""		"""""33.2374 115.142"""""
					user186	64	"""Seble Wengel"""	"""33.2374 115.143"""	73		"user18664, ""Seble Wengel"", ""33.2374 115.143""73"				""""	""""	"""""Seble Wengel"""""		"""""33.2374 115.143"""""
					user187	65	"""Domevlo"""	"""33.2374 115.144"""	74		"user18765, ""Domevlo"", ""33.2374 115.144""74"				""""	""""	"""""Domevlo"""""		"""""33.2374 115.144"""""
					user188	66	"""Dzigbode"""	"""33.2374 115.145"""	75		"user18866, ""Dzigbode"", ""33.2374 115.145""75"				""""	""""	"""""Dzigbode"""""		"""""33.2374 115.145"""""
					user189	67	"""Ismitta"""	"""33.2374 115.146"""	76		"user18967, ""Ismitta"", ""33.2374 115.146""76"				""""	""""	"""""Ismitta"""""		"""""33.2374 115.146"""""
					user190	68	"""Rakanja"""	"""33.2374 115.147"""	77		"user19068, ""Rakanja"", ""33.2374 115.147""77"				""""	""""	"""""Rakanja"""""		"""""33.2374 115.147"""""
					user191	69	"""Azekel"""	"""33.2374 115.148"""	78		"user19169, ""Azekel"", ""33.2374 115.148""78"				""""	""""	"""""Azekel"""""		"""""33.2374 115.148"""""
					user192	70	"""Jifunza"""	"""33.2374 115.149"""	79		"user19270, ""Jifunza"", ""33.2374 115.149""79"				""""	""""	"""""Jifunza"""""		"""""33.2374 115.149"""""
					user193	71	"""Matunde"""	"""33.2374 115.150"""	80		"user19371, ""Matunde"", ""33.2374 115.150""80"				""""	""""	"""""Matunde"""""		"""""33.2374 115.150"""""
					user194	72	"""Xetsa"""	"""33.2374 115.151"""	81		"user19472, ""Xetsa"", ""33.2374 115.151""81"				""""	""""	"""""Xetsa"""""		"""""33.2374 115.151"""""
					user195	73	"""Yesuto"""	"""33.2374 115.152"""	82		"user19573, ""Yesuto"", ""33.2374 115.152""82"				""""	""""	"""""Yesuto"""""		"""""33.2374 115.152"""""
					user196	74	"""Nigesa"""	"""33.2374 115.153"""	83		"user19674, ""Nigesa"", ""33.2374 115.153""83"				""""	""""	"""""Nigesa"""""		"""""33.2374 115.153"""""
					user197	75	"""Nyasore"""	"""33.2374 115.154"""	84		"user19775, ""Nyasore"", ""33.2374 115.154""84"				""""	""""	"""""Nyasore"""""		"""""33.2374 115.154"""""
					user198	76	"""Okimma"""	"""33.2374 115.155"""	85		"user19876, ""Okimma"", ""33.2374 115.155""85"				""""	""""	"""""Okimma"""""		"""""33.2374 115.155"""""
					user199	77	"""Dela Eden"""	"""33.2374 115.156"""	86		"user19977, ""Dela Eden"", ""33.2374 115.156""86"				""""	""""	"""""Dela Eden"""""		"""""33.2374 115.156"""""
					user200	78	"""Dela Eden"""	"""33.2374 115.157"""	87		"user20078, ""Dela Eden"", ""33.2374 115.157""87"				""""	""""	"""""Dela Eden"""""		"""""33.2374 115.157"""""
					user201	79	"""Jaivyn"""	"""33.2374 115.158"""	88		"user20179, ""Jaivyn"", ""33.2374 115.158""88"				""""	""""	"""""Jaivyn"""""		"""""33.2374 115.158"""""
					user202	80	"""Jimiyu"""	"""33.2374 115.159"""	89		"user20280, ""Jimiyu"", ""33.2374 115.159""89"				""""	""""	"""""Jimiyu"""""		"""""33.2374 115.159"""""
					user203	81	"""Khatiti"""	"""33.2374 115.160"""	90		"user20381, ""Khatiti"", ""33.2374 115.160""90"				""""	""""	"""""Khatiti"""""		"""""33.2374 115.160"""""
					user204	82	"""Zawditu"""	"""33.2374 115.161"""	91		"user20482, ""Zawditu"", ""33.2374 115.161""91"				""""	""""	"""""Zawditu"""""		"""""33.2374 115.161"""""
					user205	83	"""Kasiyah"""	"""33.2374 115.162"""	92		"user20583, ""Kasiyah"", ""33.2374 115.162""92"				""""	""""	"""""Kasiyah"""""		"""""33.2374 115.162"""""
					user206	84	"""Busiris"""	"""33.2374 115.163"""	93		"user20684, ""Busiris"", ""33.2374 115.163""93"				""""	""""	"""""Busiris"""""		"""""33.2374 115.163"""""
					user207	85	"""Wamocha"""	"""33.2374 115.164"""	94		"user20785, ""Wamocha"", ""33.2374 115.164""94"				""""	""""	"""""Wamocha"""""		"""""33.2374 115.164"""""
					user208	86	"""Onaedo"""	"""33.2374 115.165"""	95		"user20886, ""Onaedo"", ""33.2374 115.165""95"				""""	""""	"""""Onaedo"""""		"""""33.2374 115.165"""""
					user209	87	"""Gzifa"""	"""33.2374 115.166"""	96		"user20987, ""Gzifa"", ""33.2374 115.166""96"				""""	""""	"""""Gzifa"""""		"""""33.2374 115.166"""""
					user210	88	"""Nagesa"""	"""33.2374 115.167"""	97		"user21088, ""Nagesa"", ""33.2374 115.167""97"				""""	""""	"""""Nagesa"""""		"""""33.2374 115.167"""""
					user211	89	"""Sha-Mia"""	"""33.2374 115.168"""	98		"user21189, ""Sha-Mia"", ""33.2374 115.168""98"				""""	""""	"""""Sha-Mia"""""		"""""33.2374 115.168"""""
					user212	90	"""Guedado"""	"""33.2374 115.169"""	99		"user21290, ""Guedado"", ""33.2374 115.169""99"				""""	""""	"""""Guedado"""""		"""""33.2374 115.169"""""
					user213	91	"""Sharufa"""	"""33.2374 115.170"""	100		"user21391, ""Sharufa"", ""33.2374 115.170""100"				""""	""""	"""""Sharufa"""""		"""""33.2374 115.170"""""
					user214	92	"""Jaineba"""	"""33.2374 115.171"""	101		"user21492, ""Jaineba"", ""33.2374 115.171""101"				""""	""""	"""""Jaineba"""""		"""""33.2374 115.171"""""
					user215	93	"""Neliah"""	"""33.2374 115.172"""	102		"user21593, ""Neliah"", ""33.2374 115.172""102"				""""	""""	"""""Neliah"""""		"""""33.2374 115.172"""""
					user216	94	"""Abrafo"""	"""33.2374 115.173"""	103		"user21694, ""Abrafo"", ""33.2374 115.173""103"				""""	""""	"""""Abrafo"""""		"""""33.2374 115.173"""""
					user217	95	"""Daniachew"""	"""33.2374 115.174"""	104		"user21795, ""Daniachew"", ""33.2374 115.174""104"				""""	""""	"""""Daniachew"""""		"""""33.2374 115.174"""""
					user218	96	"""Massassi"""	"""33.2374 115.175"""	105		"user21896, ""Massassi"", ""33.2374 115.175""105"				""""	""""	"""""Massassi"""""		"""""33.2374 115.175"""""
