"Login,""Name"",""Location"""
"user123,"" Ann"","" 37.2374 115.8090"""
"ksenia,"" Ksenia"","" 55.7887 49.1221"""
"qqqq,"" Michael"","" 33.2374 115.8090"""
"user1231, ""Amani"", ""33.2374 115.8010"""
"user1242, ""Suzaan"", ""33.2374 115.8111"""
"user1253, ""Ariana"", ""33.2374 115.8212"""
"user1264, ""Jaleel"", ""33.2374 115.8313"""
"user1275, ""Abir"", ""33.2374 115.8414"""
"user1286, ""Lotus"", ""33.2374 115.8515"""
"user1297, ""Merric"", ""33.2374 115.8616"""
"user1308, ""Makaylah"", ""33.2374 115.8717"""
"user1319, ""Cailyn"", ""33.2374 115.8818"""
"user13210, ""Annika"", ""33.2374 115.8919"""
"user13311, ""Cayleigh"", ""33.2374 115.9020"""
"user13412, ""Braiden"", ""33.2374 115.9121"""
"user13513, ""Madisen"", ""33.2374 115.9222"""
"user13614, ""Andre"", ""33.2374 115.9323"""
"user13715, ""Sammy Jo"", ""33.2374 115.9424"""
"user13816, ""Anjali"", ""33.2374 115.9525"""
"user13917, ""Milan"", ""33.2374 115.9626"""
"user14018, ""Tagan"", ""33.2374 115.9727"""
"user14119, ""Kazem"", ""33.2374 115.9828"""
"user14220, ""Constantine Dwyne"", ""33.2374 115.9929"""
"user14321, ""Leandra"", ""33.2374 115.10030"""
"user14422, ""Bjorn"", ""33.2374 115.10131"""
"user14523, ""Margaret"", ""33.2374 115.10232"""
"user14624, ""Lamandre"", ""33.2374 115.10333"""
"user14725, ""Oksana"", ""33.2374 115.10434"""
"user14826, ""Jiya"", ""33.2374 115.10535"""
"user14927, ""Olamide"", ""33.2374 115.10636"""
"user15028, ""Tarni"", ""33.2374 115.10737"""
"user15129, ""Khya"", ""33.2374 115.10838"""
"user15230, ""Ayabusa"", ""33.2374 115.10939"""
"user15331, ""Jainaba"", ""33.2374 115.11040"""
"user15432, ""Yaminah"", ""33.2374 115.11141"""
"user15533, ""Shantae"", ""33.2374 115.11242"""
"user15634, ""Abayomi"", ""33.2374 115.11343"""
"user15735, ""Abdimelech"", ""33.2374 115.11444"""
"user15836, ""Afua"", ""33.2374 115.11545"""
"user15937, ""Akpenamawu"", ""33.2374 115.11646"""
"user16038, ""Atsukpi"", ""33.2374 115.11747"""
"user16139, ""Daudi, Daudy"", ""33.2374 115.11848"""
"user16240, ""Dela O Kande"", ""33.2374 115.11949"""
"user16341, ""Esi"", ""33.2374 115.12050"""
"user16442, ""Esiankiki"", ""33.2374 115.12151"""
"user16543, ""Iyangura"", ""33.2374 115.12252"""
"user16644, ""Jabulela"", ""33.2374 115.12353"""
"user16745, ""Koofrey"", ""33.2374 115.12454"""
"user16846, ""Kwesi, Sisi"", ""33.2374 115.12555"""
"user16947, ""Manute"", ""33.2374 115.12656"""
"user17048, ""Monyyak"", ""33.2374 115.12757"""
"user17149, ""Naliaka"", ""33.2374 115.12858"""
"user17250, ""Rhaxma"", ""33.2374 115.12959"""
"user17351, ""Sarsa Dengel"", ""33.2374 115.13060"""
"user17452, ""Wang'ombe"", ""33.2374 115.13161"""
"user17553, ""Zebenjo"", ""33.2374 115.13262"""
"user17654, ""Azinza"", ""33.2374 115.13363"""
"user17755, ""Effiwat"", ""33.2374 115.13464"""
"user17856, ""Loiyan"", ""33.2374 115.13565"""
"user17957, ""Mawunyaga"", ""33.2374 115.13666"""
"user18058, ""Yekuno Amlak"", ""33.2374 115.13767"""
"user18159, ""Agbenyaga"", ""33.2374 115.13868"""
"user18260, ""Amanishakhete"", ""33.2374 115.13969"""
"user18361, ""Fembar"", ""33.2374 115.14070"""
"user18462, ""Fodjour"", ""33.2374 115.14171"""
"user18563, ""Palassa"", ""33.2374 115.14272"""
"user18664, ""Seble Wengel"", ""33.2374 115.14373"""
"user18765, ""Domevlo"", ""33.2374 115.14474"""
"user18866, ""Dzigbode"", ""33.2374 115.14575"""
"user18967, ""Ismitta"", ""33.2374 115.14676"""
"user19068, ""Rakanja"", ""33.2374 115.14777"""
"user19169, ""Azekel"", ""33.2374 115.14878"""
"user19270, ""Jifunza"", ""33.2374 115.14979"""
"user19371, ""Matunde"", ""33.2374 115.15080"""
"user19472, ""Xetsa"", ""33.2374 115.15181"""
"user19573, ""Yesuto"", ""33.2374 115.15282"""
"user19674, ""Nigesa"", ""33.2374 115.15383"""
"user19775, ""Nyasore"", ""33.2374 115.15484"""
"user19876, ""Okimma"", ""33.2374 115.15585"""
"user19977, ""Dela Eden"", ""33.2374 115.15686"""
"user20078, ""Dela Eden"", ""33.2374 115.15787"""
"user20179, ""Jaivyn"", ""33.2374 115.15888"""
"user20280, ""Jimiyu"", ""33.2374 115.15989"""
"user20381, ""Khatiti"", ""33.2374 115.16090"""
"user20482, ""Zawditu"", ""33.2374 115.16191"""
"user20583, ""Kasiyah"", ""33.2374 115.16292"""
"user20684, ""Busiris"", ""33.2374 115.16393"""
"user20785, ""Wamocha"", ""33.2374 115.16494"""
"user20886, ""Onaedo"", ""33.2374 115.16595"""
"user20987, ""Gzifa"", ""33.2374 115.16696"""
"user21088, ""Nagesa"", ""33.2374 115.16797"""
"user21189, ""Sha-Mia"", ""33.2374 115.16898"""
"user21290, ""Guedado"", ""33.2374 115.16999"""
"user21391, ""Sharufa"", ""33.2374 115.170100"""
"user21492, ""Jaineba"", ""33.2374 115.171101"""
"user21593, ""Neliah"", ""33.2374 115.172102"""
"user21694, ""Abrafo"", ""33.2374 115.173103"""
"user21795, ""Daniachew"", ""33.2374 115.174104"""
"user21896, ""Massassi"", ""33.2374 115.175105"""
